Id,Tz,From,To,Sched,Hours,Rating,Comment,Framerate,Snore,Noise,Cycles,DeepSleep,LenAdjust,Geo,"3:02","3:07","3:12","3:18","3:23","3:28","3:34","3:39","3:44","3:50","3:55","4:00","4:06","4:11","4:16","4:22","4:27","4:32","4:38","4:43","4:48","4:54","4:59","5:04","5:10","5:15","5:20","5:26","5:31","5:36","5:42","5:47","5:52","5:58","6:03","6:08","6:14","6:19","6:24","6:30","6:35","6:40","6:46","6:51","6:56","7:02","7:07","7:12","7:18","7:23","7:28","7:34","7:39","7:44","7:50","7:55","8:00","8:06","8:11","8:16","8:22","8:27","8:32","8:37","8:43","8:48","8:53","8:59","9:04","9:09","9:15","9:20","9:25","9:31","9:36","9:41","9:47","9:52","9:57","10:03","10:08","10:13","10:19","10:24","10:29","10:35","10:40","10:45","10:51","10:56","11:01","11:07","11:12","11:17","11:23","11:28","11:33","Event","Event","Event","Event","Event","Event","Event","Event","Event","Event","Event","Event","Event","Event","Event","Event","Event","Event","Event","Event","Event","Event","Event","Event","Event","Event","Event","Event","Event","Event","Event","Event","Event","Event","Event","Event","Event","Event","Event"
"1450576616777","Europe/Ljubljana","20. 12. 2015 2:56","20. 12. 2015 11:33","21. 12. 2015 7:20","8.610","0.0","","10000","-1","-1.0","6","0.52577317","-1","","1.7441256","1.9469208","0.1001893","0.2378328","0.23781347","0.044856012","0.029330255","0.029541317","0.033340182","0.037042685","0.033074196","0.030520188","0.035948146","0.6488026","0.6488248","0.7062718","0.7062723","0.05792758","0.634783","0.03893203","0.033477943","0.028570224","0.030683346","0.043681305","0.042107046","0.16467948","0.16469489","0.7600504","0.7600502","0.03100361","0.52636975","0.5263816","0.07077997","0.70530385","0.70525086","0.09969181","1.0109841","1.0107663","0.032408684","0.028626965","0.030334178","0.030620325","0.030386714","0.033586793","0.032203786","0.3223957","0.033724282","0.032517575","0.16999607","1.0926371","0.3784072","1.1603434","1.2710246","1.267407","1.9085","1.7991678","1.2205688","0.21353346","0.04430914","0.043878775","0.037522327","1.0595919","1.0595919","0.4511485","0.45115045","0.033698827","0.03150707","0.03627611","0.038558315","0.034986436","0.03342661","0.13204329","0.77298623","0.7834607","0.2671951","0.059137713","0.08915695","0.8517777","0.85177827","0.02678428","0.027276358","0.03174352","0.032930806","0.031148667","0.033911385","0.03406835","0.041266218","1.111383","0.02917821","0.6955056","0.6955148","0.087729014","0.49898762","3.977205","3.977205","0.3170568","2.1392157","LIGHT_START-1450576616777","TRACKING_PAUSED-1450576617323","TRACKING_RESUMED-1450576677415","LIGHT_END-1450577256227","DEEP_START-1450577256227","REM_START-1450579573202","REM_END-1450580773202","LIGHT_START-1450580773202","DEEP_END-1450580773202","LIGHT_END-1450582691552","DEEP_START-1450582691552","REM_START-1450584049352","REM_END-1450585249352","LIGHT_START-1450585249352","DEEP_END-1450585249352","LIGHT_END-1450588766327","DEEP_START-1450588766327","REM_START-1450591083302","REM_END-1450592283302","LIGHT_START-1450592283302","DEEP_END-1450592283302","LIGHT_END-1450594841102","DEEP_START-1450594841102","LIGHT_START-1450596120002","DEEP_END-1450596120002","LIGHT_END-1450596759452","DEEP_START-1450596759452","REM_START-1450598436977","REM_END-1450599636977","LIGHT_START-1450599636977","DEEP_END-1450599636977","LIGHT_END-1450601875052","DEEP_START-1450601875052","REM_START-1450603232852","REM_END-1450604432852","LIGHT_START-1450604432852","DEEP_END-1450604432852","LIGHT_END-1450607630141","TRACKING_STOPPED_BY_USER-1450607630142"
Id,Tz,From,To,Sched,Hours,Rating,Comment,Framerate,Snore,Noise,Cycles,DeepSleep,LenAdjust,Geo,"21:46","21:52","21:59","22:06","22:12","22:19","22:26","22:32","22:39","22:46","22:52","22:59","23:06","23:12","23:19","23:26","23:33","23:39","23:46","23:53","23:59","0:06","0:13","0:19","0:26","0:33","0:39","0:46","0:53","0:59","1:06","1:13","1:20","1:26","1:33","1:40","1:46","1:53","2:00","2:06","2:13","2:20","2:26","2:33","2:40","2:46","2:53","3:00","3:07","3:13","3:20","3:27","3:33","3:40","3:47","3:53","4:00","4:07","4:13","4:20","4:27","4:33","4:40","4:47","4:54","5:00","5:07","5:14","5:20","5:27","5:34","5:40","5:47","5:54","6:00","6:07","6:14","6:20","6:27","6:34","6:41","6:47","6:54","7:01","Event","Event","Event","Event","Event","Event","Event","Event","Event","Event","Event","Event","Event","Event","Event","Event","Event","Event","Event","Event","Event","Event","Event","Event","Event","Event","Event","Event","Event","Event","Event","Event","Event","Event","Event","Event","Event","Event","Event","Event","Event","Event","Event","Event"
"1450384760715","Europe/Ljubljana","17. 12. 2015 21:39","18. 12. 2015 7:01","18. 12. 2015 7:20","9.360","0.0","","10000","-1","-1.0","7","0.5714286","-1","","1.0749027","0.42590004","0.41702616","0.05410387","0.46264204","1.4427267","1.4427285","0.03272835","0.66563004","0.6656323","0.030462274","0.027222523","0.2880603","0.28804487","0.033131804","0.03260843","0.042173196","0.9265443","0.91795665","0.032147408","0.029972902","0.04671817","0.8028682","0.8005999","0.067230105","0.06733901","0.05081089","0.028667657","0.028819053","0.028844178","0.028172642","0.028337995","0.02796649","0.18287994","1.0297918","1.029525","0.03365295","0.030099766","0.09766824","0.09828742","0.030344313","0.029681042","1.216043","0.71588725","0.03896481","0.031287394","0.028040994","0.030433638","0.029332181","0.05721447","0.057345748","0.64655185","0.64654726","0.13475542","0.12099841","1.6415986","1.6415985","1.3556832","0.04999207","0.030990286","1.7298039","1.7306054","0.17929061","0.0310914","0.029511256","0.032572057","0.032683674","0.16826665","0.1682905","0.041863926","0.04854946","0.036390685","0.06720944","0.08468996","0.89267","0.8926749","0.032086726","0.056343924","0.8422317","0.8369702","0.06560816","0.03332919","0.035402134","2.2163749","LIGHT_START-1450384760715","TRACKING_PAUSED-1450384761232","TRACKING_RESUMED-1450384821347","LIGHT_END-1450388773245","DEEP_START-1450388773245","REM_START-1450390382016","REM_END-1450391582016","LIGHT_START-1450391582016","DEEP_END-1450391582016","LIGHT_END-1450392384522","DEEP_START-1450392384522","LIGHT_START-1450393588281","DEEP_END-1450393588281","LIGHT_END-1450394390787","DEEP_START-1450394390787","REM_START-1450397203317","REM_END-1450398403317","LIGHT_START-1450398403317","DEEP_END-1450398403317","LIGHT_END-1450399205823","DEEP_START-1450399205823","REM_START-1450400413341","REM_END-1450401613341","LIGHT_START-1450401613341","DEEP_END-1450401613341","LIGHT_END-1450402415847","DEEP_START-1450402415847","REM_START-1450404024618","REM_END-1450405224618","LIGHT_START-1450405224618","DEEP_END-1450405224618","LIGHT_END-1450409638401","DEEP_START-1450409638401","REM_START-1450413253437","REM_END-1450414453437","LIGHT_START-1450414453437","DEEP_END-1450414453437","LIGHT_END-1450416860955","DEEP_START-1450416860955","ALARM_EARLIEST-1450417800000","ALARM_STARTED-1450418453465","ALARM_DISMISS-1450418465851","DEEP_END-1450418466005","ALARM_LATEST-1450419600000"
Id,Tz,From,To,Sched,Hours,Rating,Comment,Framerate,Snore,Noise,Cycles,DeepSleep,LenAdjust,Geo,"1:02","1:06","1:11","1:16","1:21","1:25","1:30","1:35","1:39","1:44","1:49","1:53","1:58","2:03","2:07","2:12","2:17","2:21","2:26","2:31","2:35","2:40","2:45","2:49","2:54","2:59","3:03","3:08","3:13","3:17","3:22","3:27","3:31","3:36","3:41","3:45","3:50","3:55","3:59","4:04","4:09","4:13","4:18","4:23","4:28","4:32","4:37","4:42","4:46","4:51","4:56","5:00","5:05","5:10","5:14","5:19","5:24","5:28","5:33","5:38","5:42","5:47","5:52","5:56","6:01","6:06","6:10","6:15","6:20","6:24","6:29","6:34","6:38","6:43","6:48","6:52","6:57","7:02","7:06","7:11","7:16","7:20","7:25","7:30","7:35","7:39","7:44","7:49","7:53","7:58","8:03","8:07","8:12","8:17","8:21","8:26","8:31","Event","Event","Event","Event","Event","Event","Event","Event","Event","Event","Event","Event","Event","Event","Event","Event","Event","Event","Event","Event","Event","Event","Event","Event","Event","Event","Event","Event","Event","Event","Event","Event","Event","Event","Event","Event","Event","Event","Event","Event","Event","Event","Event","Event","Event","Event"
"1450310257464","Europe/Ljubljana","17. 12. 2015 0:57","17. 12. 2015 8:31","17. 12. 2015 7:45","7.560","0.0","","10000","-1","-1.0","8","0.7525773","-1","","0.35303888","0.027785854","0.03456448","0.035272222","0.030939074","0.027712172","2.346925","2.346925","0.055126272","0.029101595","0.03125752","0.032175664","0.031406842","0.028074699","0.030591775","0.032240365","0.031948265","1.1792444","1.4200234","0.04749969","0.030459763","0.02963121","0.029994594","0.027779829","0.05357867","0.029545447","0.029177709","0.03261655","0.030975297","0.27593148","0.27596372","0.030630473","0.14880198","0.14877811","0.03155697","1.0368335","1.1096435","0.07406591","0.032121617","0.032295965","0.027238611","0.02736859","0.051736973","0.05164658","0.02924281","0.028382448","0.68396616","0.6925601","0.030036932","0.029953195","0.07931433","0.07945776","0.12327143","0.031089185","0.033009827","0.03106888","0.08922948","0.08950899","0.3655677","1.618492","1.4646088","0.031116353","0.028288448","0.028371198","0.029956087","0.028415015","0.03247989","1.7276093","1.7276083","0.028025523","0.07722631","0.07676272","0.035472162","0.031269267","0.032281373","0.03218046","0.031073561","0.9887345","0.9887313","0.07506965","0.044754434","0.04564088","0.04970683","2.9483402","2.9483395","1.1075245","1.1389037","1.0395861","0.031358223","0.03255021","0.03200786","0.030760895","0.03265387","0.36217102","0.3622875","0.03159526","2.8328102","DEEP_START-1450310257464","TRACKING_PAUSED-1450310258419","TRACKING_RESUMED-1450310318755","LIGHT_START-1450311940560","DEEP_END-1450311940560","LIGHT_END-1450312501592","DEEP_START-1450312501592","REM_START-1450313826236","REM_END-1450315026236","LIGHT_START-1450315026236","DEEP_END-1450315026236","LIGHT_END-1450315587268","DEEP_START-1450315587268","REM_START-1450318875524","REM_END-1450320075524","LIGHT_START-1450320075524","DEEP_END-1450320075524","LIGHT_END-1450320636556","DEEP_START-1450320636556","REM_START-1450321961200","REM_END-1450323161200","LIGHT_START-1450323161200","DEEP_END-1450323161200","LIGHT_END-1450323722232","DEEP_START-1450323722232","REM_START-1450325607908","REM_END-1450326807908","LIGHT_START-1450326807908","DEEP_END-1450326807908","LIGHT_END-1450327368940","DEEP_START-1450327368940","LIGHT_START-1450329052036","DEEP_END-1450329052036","LIGHT_END-1450329613068","DEEP_START-1450329613068","LIGHT_START-1450331857196","DEEP_END-1450331857196","ALARM_EARLIEST-1450332900000","ALARM_STARTED-1450333810123","ALARM_SNOOZE-1450333833182","ALARM_LATEST-1450334700000","LIGHT_END-1450334942872","DEEP_START-1450334942872","ALARM_STARTED-1450337433193","ALARM_DISMISS-1450337467325","DEEP_END-1450337467520"
Id,Tz,From,To,Sched,Hours,Rating,Comment,Framerate,Snore,Noise,Cycles,DeepSleep,LenAdjust,Geo,"23:54","0:00","0:06","0:12","0:17","0:23","0:29","0:35","0:41","0:46","0:52","0:58","1:04","1:10","1:16","1:21","1:27","1:33","1:39","1:45","1:50","1:56","2:02","2:08","2:14","2:19","2:25","2:31","2:37","2:43","2:49","2:54","3:00","3:06","3:12","3:18","3:23","3:29","3:35","3:41","3:47","3:53","3:58","4:04","4:10","4:16","4:22","4:27","4:33","4:39","4:45","4:51","4:57","5:02","5:08","5:14","5:20","5:26","5:31","5:37","5:43","5:49","5:55","6:01","6:06","6:12","6:18","6:24","6:30","6:35","6:41","6:47","6:53","6:59","7:05","7:10","7:16","7:22","7:28","7:34","7:39","7:45","Event","Event","Event","Event","Event","Event","Event","Event","Event","Event","Event","Event","Event","Event","Event","Event","Event","Event","Event","Event","Event","Event","Event","Event","Event","Event","Event","Event","Event","Event","Event","Event","Event","Event"
"1450219725671","Europe/Ljubljana","15. 12. 2015 23:48","16. 12. 2015 7:45","16. 12. 2015 7:45","7.950","0.0","","10000","-1","-1.0","5","0.58536583","-1","","2.4715223","0.027744455","0.38407117","0.033752248","0.067465514","0.06632649","1.2918106","1.2918105","0.033072934","0.039033107","0.36555195","0.046584044","0.047759324","0.26685265","1.0142695","1.0142689","0.043616604","0.21301997","0.29504517","0.06682766","0.06671004","0.029412169","0.07652602","0.07655523","0.047097947","0.031798612","0.02968931","0.15925309","0.35318404","0.35318404","0.03332084","0.02937964","0.03234543","0.030237686","0.6380939","0.68332654","0.38992116","0.33330166","0.78749806","0.030462913","0.036032196","1.346101","1.3461012","0.032735072","0.035750855","0.03340465","0.031840406","0.027389012","0.032444153","0.034383122","0.035917573","0.06448111","0.58405626","0.5840852","0.10323127","0.08014454","0.08093699","0.113389544","0.07768925","0.030842714","0.03385246","0.029792182","0.030890074","0.029182192","0.03423999","0.031534597","0.030411404","0.033804968","0.033741895","0.028923979","0.038939558","0.8315803","0.028490318","0.030389054","0.03147724","0.037298687","0.038812846","0.029561544","0.035809476","0.041541915","0.03779433","2.1395779","LIGHT_START-1450219725671","TRACKING_PAUSED-1450219726344","TRACKING_RESUMED-1450219786464","LIGHT_END-1450226356785","DEEP_START-1450226356785","REM_START-1450228297839","REM_END-1450229497839","LIGHT_START-1450229497839","DEEP_END-1450229497839","LIGHT_END-1450230195851","DEEP_START-1450230195851","LIGHT_START-1450231591875","DEEP_END-1450231591875","LIGHT_END-1450234732929","DEEP_START-1450234732929","REM_START-1450236673983","REM_END-1450237873983","LIGHT_START-1450237873983","DEEP_END-1450237873983","LIGHT_END-1450238571995","DEEP_START-1450238571995","REM_START-1450243305097","REM_END-1450244505097","LIGHT_START-1450244505097","DEEP_END-1450244505097","LIGHT_END-1450244854103","DEEP_START-1450244854103","ALARM_EARLIEST-1450246500000","REM_START-1450247144222","ALARM_LATEST-1450248300000","ALARM_STARTED-1450248300230","ALARM_DISMISS-1450248344093","REM_END-1450248344222","DEEP_END-1450248344222"
Id,Tz,From,To,Sched,Hours,Rating,Comment,Framerate,Snore,Noise,Cycles,DeepSleep,LenAdjust,Geo,"0:15","0:21","0:27","0:32","0:38","0:44","0:50","0:56","1:02","1:07","1:13","1:19","1:25","1:31","1:37","1:42","1:48","1:54","2:00","2:06","2:12","2:18","2:23","2:29","2:35","2:41","2:47","2:53","2:58","3:04","3:10","3:16","3:22","3:28","3:34","3:39","3:45","3:51","3:57","4:03","4:09","4:14","4:20","4:26","4:32","4:38","4:44","4:49","4:55","5:01","5:07","5:13","5:19","5:25","5:30","5:36","5:42","5:48","5:54","6:00","6:05","6:11","6:17","6:23","6:29","6:35","6:41","6:46","6:52","6:58","7:04","7:10","7:16","7:21","7:27","7:33","7:39","7:45","7:51","7:56","Event","Event","Event","Event","Event","Event","Event","Event","Event","Event","Event","Event","Event","Event","Event","Event","Event","Event","Event","Event","Event","Event","Event","Event","Event","Event","Event","Event","Event"
"1450134568852","Europe/Ljubljana","15. 12. 2015 0:09","15. 12. 2015 7:56","15. 12. 2015 7:45","7.790","0.0","","10000","-1","-1.0","4","0.4625","-1","","0.75525427","0.80531967","0.81983066","0.6548976","1.0189221","1.0189711","0.029100882","0.037777673","0.106849544","0.63592696","0.039011944","0.026472874","0.035456978","0.033750515","0.045141794","0.03028652","0.9687744","0.9687746","0.058844827","0.44232976","0.442338","0.8082482","0.80823606","0.05100499","0.050821383","1.3525245","0.05971777","0.027695052","0.027274638","0.71881014","0.7188117","0.029595045","0.07082625","0.0705625","0.037584014","0.028033126","0.03208293","0.027789632","0.026320852","0.030646","0.0372836","0.030343203","0.033582658","0.031452514","0.04086135","0.03242594","1.2174734","1.216673","0.09525468","0.0955638","0.039655138","0.028756317","0.032975826","0.033974186","0.029858502","0.02909493","0.0299339","0.14460728","0.14464195","0.6310338","0.6310218","0.09559775","0.82700926","0.040367305","0.050250635","1.1129321","1.6881855","1.0170838","1.1282415","1.4175372","0.088318735","0.08843675","0.03164306","0.035623364","0.035419025","1.6316406","1.6318696","1.3164033","1.6564541","3.4139578","LIGHT_START-1450134568852","TRACKING_PAUSED-1450134569442","TRACKING_RESUMED-1450134629545","LIGHT_END-1450138075012","DEEP_START-1450138075012","LIGHT_START-1450140178708","DEEP_END-1450140178708","LIGHT_END-1450145437948","DEEP_START-1450145437948","REM_START-1450149497188","REM_END-1450150697188","LIGHT_START-1450150697188","DEEP_END-1450150697188","LIGHT_END-1450151398420","DEEP_START-1450151398420","REM_START-1450154055196","REM_END-1450155255196","LIGHT_START-1450155255196","DEEP_END-1450155255196","LIGHT_END-1450159111972","DEEP_START-1450159111972","ALARM_EARLIEST-1450160100000","LIGHT_START-1450160865052","DEEP_END-1450160865052","ALARM_STARTED-1450161150906","ALARM_SNOOZE-1450161197506","ALARM_LATEST-1450161900000","LIGHT_END-1450162618174","TRACKING_STOPPED_BY_USER-1450162618175"
Id,Tz,From,To,Sched,Hours,Rating,Comment,Framerate,Snore,Noise,Cycles,DeepSleep,LenAdjust,Geo,"0:39","0:44","0:49","0:54","0:59","1:04","1:09","1:14","1:19","1:24","1:29","1:34","1:39","1:44","1:49","1:54","1:59","2:04","2:09","2:14","2:19","2:24","2:29","2:34","2:39","2:44","2:49","2:54","2:59","3:04","3:09","3:14","3:19","3:24","3:29","3:34","3:39","3:44","3:49","3:54","3:59","4:04","4:09","4:14","4:19","4:24","4:29","4:34","4:39","4:44","4:49","4:54","4:59","5:04","5:09","5:14","5:19","5:24","5:29","5:34","5:38","5:43","5:48","5:53","5:58","6:03","6:08","6:13","6:18","6:23","6:28","6:33","6:38","6:43","6:48","6:53","6:58","7:03","7:08","7:13","7:18","7:23","7:28","7:33","7:38","Event","Event","Event","Event","Event","Event","Event","Event","Event","Event","Event","Event","Event","Event","Event","Event","Event","Event","Event","Event","Event","Event","Event","Event","Event","Event","Event","Event"
"1450049662319","Europe/Ljubljana","14. 12. 2015 0:34","14. 12. 2015 7:38","14. 12. 2015 8:00","7.070","0.0","","10000","-1","-1.0","4","0.5647059","-1","","0.12320822","0.123147935","1.0276835","0.030160163","0.038968902","0.080403574","0.9145691","0.9171376","0.03956621","0.027693514","0.04040322","0.04002831","0.03908978","0.028129626","0.028527126","0.028247392","0.029895239","0.2295844","0.22959211","0.032346435","0.12001021","0.17066051","0.1469762","0.03958881","0.034813162","0.0315459","0.027937094","0.032122694","0.17861468","0.027034905","0.035823092","0.13443711","0.53753227","0.09131509","0.10912361","0.109055296","0.041306548","0.776948","0.77694577","0.029968869","0.5768605","0.5768589","1.4666313","1.466634","0.02987468","0.03282914","0.11045288","0.110442035","0.04626552","0.035096817","0.03173214","0.032887626","0.02919254","0.032845218","0.03270814","0.027716136","0.034489293","0.03393386","0.031218579","0.70155513","0.70155424","0.30696574","0.3069803","0.065926336","0.89108706","0.8910623","0.0685777","0.031502053","0.05028007","0.049601622","0.034433033","0.76252806","1.5269325","1.4631809","0.04071127","0.041170366","0.374787","0.37478504","0.031349815","0.34306094","1.5194342","1.5194367","0.029085813","0.027899088","3.478109","LIGHT_START-1450049662319","TRACKING_PAUSED-1450049662858","TRACKING_RESUMED-1450049722968","LIGHT_END-1450052059343","DEEP_START-1450052059343","REM_START-1450058050415","REM_END-1450059250415","LIGHT_START-1450059250415","DEEP_END-1450059250415","LIGHT_END-1450059550043","DEEP_START-1450059550043","LIGHT_START-1450060748555","DEEP_END-1450060748555","LIGHT_END-1450062845951","DEEP_START-1450062845951","REM_START-1450066140371","REM_END-1450067340371","LIGHT_START-1450067340371","DEEP_END-1450067340371","LIGHT_END-1450069437767","DEEP_START-1450069437767","LIGHT_START-1450070935907","DEEP_END-1450070935907","ALARM_EARLIEST-1450074600000","ALARM_STARTED-1450075103816","ALARM_DISMISS-1450075130589","LIGHT_END-1450075130738","ALARM_LATEST-1450076400000"
Id,Tz,From,To,Sched,Hours,Rating,Comment,Framerate,Snore,Noise,Cycles,DeepSleep,LenAdjust,Geo,"5:19","5:25","5:31","5:37","5:42","5:48","5:54","6:00","6:06","6:12","6:18","6:24","6:29","6:35","6:41","6:47","6:53","6:59","7:05","7:11","7:16","7:22","7:28","7:34","7:40","7:46","7:52","7:57","8:03","8:09","8:15","8:21","8:27","8:33","8:39","8:44","8:50","8:56","9:02","9:08","9:14","9:20","9:26","9:31","9:37","9:43","9:49","9:55","10:01","10:07","10:12","10:18","10:24","10:30","10:36","10:42","10:48","10:54","10:59","11:05","11:11","11:17","11:23","11:29","11:35","11:41","11:46","11:52","11:58","12:04","12:10","12:16","12:22","12:27","12:33","12:39","12:45","12:51","12:57","13:03","13:09","13:14","13:20","13:26","Event","Event","Event","Event","Event","Event","Event","Event","Event","Event","Event","Event","Event","Event","Event","Event","Event","Event","Event","Event","Event","Event","Event","Event","Event","Event","Event","Event","Event","Event","Event","Event","Event","Event","Event","Event","Event","Event","Event"
"1449980018357","Europe/Ljubljana","13. 12. 2015 5:13","13. 12. 2015 13:26","14. 12. 2015 8:00","8.220","0.0","","10000","-1","-1.0","7","0.6666667","-1","","0.714286","0.98151505","0.40543556","0.40543374","0.033578917","0.034238484","0.061545175","0.11910499","0.11908469","0.11797597","0.0368698","0.079879776","0.030707102","0.03325925","0.028939208","0.107263304","0.041288618","0.812901","0.035451733","0.036150098","0.3071835","0.30751237","0.7326032","2.1560032","2.1155777","0.035276156","1.1236268","0.031054212","0.034078505","0.033494506","0.030409383","0.034644302","0.0334576","0.06294305","0.033080757","0.03187153","0.030944724","0.040147547","0.10534536","0.07459929","0.91139674","0.05161172","0.061733674","0.20794336","0.31057888","0.31090575","0.82013005","0.047280755","0.032058727","0.14245956","0.14247167","0.03275298","0.032635193","0.03324652","0.043583795","0.5090267","0.50885427","0.09711619","0.09926907","0.8805108","0.8808426","2.3554459","2.3102047","0.77984667","0.33987486","0.33987373","1.0753106","1.0752963","0.029221062","0.0310733","0.031215202","0.029791221","1.8067666","1.591048","0.036915693","0.03664483","0.046564948","0.056698024","0.034836177","0.13891156","0.03152751","0.059301317","0.0548894","1.9300486","LIGHT_START-1449980018357","TRACKING_PAUSED-1449980018876","TRACKING_RESUMED-1449980079036","LIGHT_END-1449981427077","DEEP_START-1449981427077","REM_START-1449984805417","REM_END-1449986005417","LIGHT_START-1449986005417","DEEP_END-1449986005417","LIGHT_END-1449986357597","DEEP_START-1449986357597","LIGHT_START-1449987766317","DEEP_END-1449987766317","LIGHT_END-1449989527217","DEEP_START-1449989527217","REM_START-1449992905557","REM_END-1449994105557","LIGHT_START-1449994105557","DEEP_END-1449994105557","LIGHT_END-1449994457737","DEEP_START-1449994457737","LIGHT_START-1449996218637","DEEP_END-1449996218637","LIGHT_END-1449996570817","DEEP_START-1449996570817","REM_START-1449998188257","REM_END-1449999388257","LIGHT_START-1449999388257","DEEP_END-1449999388257","LIGHT_END-1450003966597","DEEP_START-1450003966597","LIGHT_START-1450005375317","DEEP_END-1450005375317","LIGHT_END-1450006079677","DEEP_START-1450006079677","REM_START-1450008401547","REM_END-1450009601547","DEEP_END-1450009601547","TRACKING_STOPPED_BY_USER-1450009601548"
Id,Tz,From,To,Sched,Hours,Rating,Comment,Framerate,Snore,Noise,Cycles,DeepSleep,LenAdjust,Geo,"4:08","4:13","4:18","4:23","4:28","4:33","4:38","4:43","4:48","4:53","4:58","5:03","5:08","5:13","5:18","5:23","5:28","5:33","5:38","5:43","5:48","5:53","5:58","6:03","6:08","6:13","6:19","6:24","6:29","6:34","6:39","6:44","6:49","6:54","6:59","7:04","7:09","7:14","7:19","7:24","7:29","7:34","7:39","7:44","7:49","7:54","7:59","8:04","8:09","8:14","8:19","8:24","8:29","8:34","8:39","8:45","8:50","8:55","9:00","9:05","9:10","9:15","9:20","9:25","9:30","9:35","9:40","9:45","9:50","9:55","10:00","10:05","10:10","10:15","10:20","10:25","10:30","10:35","10:40","10:45","10:50","10:55","11:00","11:05","11:11","Event","Event","Event","Event","Event","Event","Event","Event","Event","Event","Event","Event","Event","Event","Event","Event","Event","Event","Event","Event","Event","Event","Event","Event","Event","Event","Event","Event","Event"
"1449889386739","Europe/Ljubljana","12. 12. 2015 4:03","12. 12. 2015 11:11","14. 12. 2015 8:00","7.130","0.0","  #home","10000","-1","-1.0","5","0.5882353","-1","e04690e","1.778952","0.367862","0.02762461","0.12259417","0.060598817","0.03024527","0.034047425","0.031279277","0.029949619","0.028622206","0.032447733","0.033264834","0.03198746","0.03578043","0.03369578","0.032603193","0.029375987","0.034813415","0.03191664","0.080999725","0.2696403","0.26959106","0.77149343","0.92155594","1.3081439","0.042688023","0.028945323","0.03036882","0.03057104","0.029125584","0.03024692","0.032284528","0.04150349","0.0412715","0.08379072","0.029297423","0.04054538","0.08536353","0.041643176","0.61626285","0.04160396","0.05108702","0.0513127","0.21352714","1.1686966","0.05056022","1.1430907","1.175199","1.3156987","1.1168854","1.198178","1.1981767","0.032033045","0.030367931","0.03129724","0.7069303","0.7069328","1.1196247","1.1628754","1.1628746","1.2245982","1.2245978","0.031800695","0.030148268","0.030089747","0.92540544","0.92538553","0.03608627","0.026987972","0.02851491","0.03489411","0.034836642","0.7218655","0.7218025","0.03226161","0.036184777","0.027937867","0.029746914","0.03115007","0.030567585","0.7198351","0.71983","0.0305065","0.045606248","3.687364","LIGHT_START-1449889386739","TRACKING_PAUSED-1449889387699","TRACKING_RESUMED-1449889447815","LIGHT_END-1449889688784","DEEP_START-1449889688784","REM_START-1449894831729","REM_END-1449896031729","LIGHT_START-1449896031729","DEEP_END-1449896031729","LIGHT_END-1449896937864","DEEP_START-1449896937864","REM_START-1449899966494","REM_END-1449901166494","LIGHT_START-1449901166494","DEEP_END-1449901166494","LIGHT_END-1449901468539","DEEP_START-1449901468539","LIGHT_START-1449902676719","DEEP_END-1449902676719","LIGHT_END-1449909623754","DEEP_START-1449909623754","LIGHT_START-1449911133979","DEEP_END-1449911133979","LIGHT_END-1449911738069","DEEP_START-1449911738069","LIGHT_START-1449913550339","DEEP_END-1449913550339","LIGHT_END-1449915060573","TRACKING_STOPPED_BY_USER-1449915060574"
Id,Tz,From,To,Sched,Hours,Rating,Comment,Framerate,Snore,Noise,Cycles,DeepSleep,LenAdjust,Geo,"0:56","1:01","1:06","1:11","1:16","1:21","1:26","1:31","1:36","1:41","1:46","1:51","1:56","2:01","2:06","2:11","2:16","2:21","2:26","2:31","2:36","2:41","2:46","2:51","2:56","3:01","3:06","3:11","3:16","3:21","3:26","3:31","3:36","3:41","3:46","3:51","3:56","4:00","4:05","4:10","4:15","4:20","4:25","4:30","4:35","4:40","4:45","4:50","4:55","5:00","5:05","5:10","5:15","5:20","5:25","5:30","5:35","5:40","5:45","5:50","5:55","6:00","6:05","6:10","6:15","6:20","6:25","6:30","6:35","6:40","6:45","6:50","6:55","7:00","7:05","7:10","7:15","7:20","7:25","7:30","7:35","7:40","7:45","7:50","7:55","8:00","Event","Event","Event","Event","Event","Event","Event","Event","Event","Event","Event","Event","Event","Event","Event","Event","Event","Event","Event","Event","Event","Event","Event","Event","Event","Event","Event","Event","Event","Event","Event","Event","Event","Event","Event","Event","Event","Event","Event","Event"
"1449791483203","Europe/Ljubljana","11. 12. 2015 0:51","11. 12. 2015 8:00","11. 12. 2015 8:00","7.150","0.0"," #newmoon","10000","-1","-1.0","6","0.8372093","-1","","1.5501124","0.575442","1.114585","0.11420967","0.0370469","0.03655186","0.027177796","0.033538558","0.034126174","0.029482942","0.07876041","0.07830522","0.027250186","0.029513402","0.030018287","0.029565781","0.028794492","0.03213749","0.031115295","0.031862296","0.027727176","0.031809643","0.032582488","0.04062881","0.043761298","0.033519663","1.2870342","1.2870339","0.54630035","0.032730095","0.028474182","0.028448582","0.03203224","0.029548872","0.028711868","0.032701228","0.03371912","0.03603685","0.028713921","0.029359743","0.026074003","0.86387944","0.02922399","0.80825955","0.08666293","0.037138134","0.036137335","0.03153965","0.16287787","0.16307062","0.030651752","0.030161861","0.03167625","0.3911307","0.031215403","0.03174644","0.02733321","0.028450925","0.029220402","0.028029015","0.028043484","0.028725913","0.029652627","0.13398148","1.2009294","0.032762952","0.03345869","0.033997178","0.061120912","0.03034114","0.03547059","0.036454733","0.030050581","1.7616833","1.7110231","0.028021269","0.03223903","0.03045571","0.040838245","0.041944362","0.044841737","0.027755275","0.036531847","0.059537634","0.059170842","2.412852","LIGHT_START-1449791483203","TRACKING_PAUSED-1449791483753","TRACKING_RESUMED-1449791543879","LIGHT_END-1449792381337","DEEP_START-1449792381337","REM_START-1449798067031","REM_END-1449799267031","LIGHT_START-1449799267031","DEEP_END-1449799267031","LIGHT_END-1449800165165","DEEP_START-1449800165165","REM_START-1449802557701","REM_END-1449803757701","LIGHT_START-1449803757701","DEEP_END-1449803757701","LIGHT_END-1449804655835","DEEP_START-1449804655835","REM_START-1449806150237","REM_END-1449807350237","LIGHT_START-1449807350237","DEEP_END-1449807350237","LIGHT_END-1449807649615","DEEP_START-1449807649615","REM_START-1449809443395","REM_END-1449810643395","LIGHT_START-1449810643395","DEEP_END-1449810643395","LIGHT_END-1449810942773","DEEP_START-1449810942773","LIGHT_START-1449813337797","DEEP_END-1449813337797","LIGHT_END-1449813936553","DEEP_START-1449813936553","ALARM_EARLIEST-1449815400000","REM_START-1449816029781","ALARM_LATEST-1449817200000","ALARM_STARTED-1449817200177","ALARM_DISMISS-1449817229593","REM_END-1449817229781","DEEP_END-1449817229781"
Id,Tz,From,To,Sched,Hours,Rating,Comment,Framerate,Snore,Noise,Cycles,DeepSleep,LenAdjust,Geo,"1:16","1:21","1:26","1:31","1:36","1:41","1:46","1:51","1:56","2:01","2:06","2:11","2:16","2:21","2:26","2:31","2:36","2:42","2:47","2:52","2:57","3:02","3:07","3:12","3:17","3:22","3:27","3:32","3:37","3:42","3:47","3:52","3:57","4:02","4:07","4:12","4:17","4:22","4:27","4:32","4:37","4:42","4:47","4:52","4:57","5:02","5:08","5:13","5:18","5:23","5:28","5:33","5:38","5:43","5:48","5:53","5:58","6:03","6:08","6:13","6:18","6:23","6:28","6:33","6:38","6:43","6:48","6:53","6:58","7:03","7:08","7:13","7:18","7:23","7:28","7:34","7:39","7:44","7:49","7:54","7:59","8:04","Event","Event","Event","Event","Event","Event","Event","Event","Event","Event","Event","Event","Event","Event","Event","Event","Event","Event","Event","Event","Event","Event","Event","Event","Event","Event","Event","Event","Event","Event","Event","Event","Event","Event","Event","Event","Event","Event","Event","Event","Event","Event","Event","Event"
"1449706285298","Europe/Ljubljana","10. 12. 2015 1:11","10. 12. 2015 8:04","10. 12. 2015 8:00","6.880","0.0","","10000","-1","-1.0","7","0.8292683","-1","","1.1225737","0.18580404","0.2879907","0.06353243","0.06553533","0.032179423","0.119614504","0.02809605","0.053670846","0.027809087","0.02693544","0.10115791","0.10067917","0.031023754","0.028195182","0.03867785","0.47427347","0.030704064","0.03943011","0.038421106","0.02840207","0.029647898","0.032800846","0.21500444","0.21495251","0.030560512","0.030741457","0.028327951","0.02850416","0.03218374","1.0208147","0.03107024","0.055218995","0.05552011","0.02910707","0.029569251","0.03155826","0.028327951","0.029450864","0.032336794","0.032989077","0.03272157","0.032431204","0.033075694","0.04214143","1.193544","1.1935439","0.032150023","0.031462636","0.03185163","0.03609007","0.036489975","0.20320259","0.20320009","0.13266471","0.13255604","0.054277975","0.19997549","0.19999743","0.05282226","1.18163","1.15286","0.02580246","0.0282484","0.030469235","0.028795378","0.026848352","0.030848147","0.029543502","1.3784673","0.095758304","0.09538514","0.030235462","0.03241054","1.0818641","1.2392308","1.2392306","0.09710602","0.097479366","0.02899832","0.033077624","2.6253862","LIGHT_START-1449706285298","TRACKING_PAUSED-1449706285931","TRACKING_RESUMED-1449706346024","LIGHT_END-1449707191421","DEEP_START-1449707191421","REM_START-1449709917954","REM_END-1449711117954","LIGHT_START-1449711117954","DEEP_END-1449711117954","LIGHT_END-1449711419995","DEEP_START-1449711419995","REM_START-1449714146528","REM_END-1449715346528","LIGHT_START-1449715346528","DEEP_END-1449715346528","LIGHT_END-1449715648569","DEEP_START-1449715648569","REM_START-1449718677143","REM_END-1449719877143","LIGHT_START-1449719877143","DEEP_END-1449719877143","LIGHT_END-1449720481225","DEEP_START-1449720481225","REM_START-1449723207758","REM_END-1449724407758","LIGHT_START-1449724407758","DEEP_END-1449724407758","LIGHT_END-1449725011840","DEEP_START-1449725011840","LIGHT_START-1449727126127","DEEP_END-1449727126127","LIGHT_END-1449727428168","DEEP_START-1449727428168","LIGHT_START-1449728636332","DEEP_END-1449728636332","ALARM_EARLIEST-1449729000000","ALARM_STARTED-1449729177435","ALARM_SNOOZE-1449729212303","LIGHT_END-1449729542455","DEEP_START-1449729542455","ALARM_LATEST-1449730800000","ALARM_STARTED-1449731012382","ALARM_DISMISS-1449731052571","DEEP_END-1449731052675"
Id,Tz,From,To,Sched,Hours,Rating,Comment,Framerate,Snore,Noise,Cycles,DeepSleep,LenAdjust,Geo,"1:23","1:27","1:31","1:35","1:39","1:43","1:47","1:51","1:55","1:59","2:03","2:07","2:11","2:15","2:19","2:23","2:27","2:31","2:35","2:39","2:43","2:47","2:51","2:55","2:59","3:03","3:07","3:11","3:15","3:19","3:23","3:27","3:31","3:35","3:39","3:43","3:47","3:51","3:55","3:59","4:03","4:07","4:11","4:15","4:19","4:23","4:27","4:31","4:35","4:39","4:43","4:47","4:51","4:55","4:59","5:03","5:07","5:11","5:15","5:19","5:23","5:27","5:31","5:35","5:39","5:43","5:47","5:51","5:55","5:59","6:03","6:07","6:12","6:16","6:20","6:24","6:28","6:32","6:36","6:40","6:44","6:48","6:52","6:56","7:00","7:04","7:08","7:12","7:16","7:20","7:24","7:28","7:32","7:36","7:40","7:44","7:48","7:52","7:56","Event","Event","Event","Event","Event","Event","Event","Event","Event","Event","Event","Event","Event","Event","Event","Event","Event","Event","Event","Event","Event","Event","Event","Event","Event","Event","Event","Event","Event","Event","Event","Event","Event","Event"
"1449620342211","Europe/Ljubljana","09. 12. 2015 1:19","09. 12. 2015 7:56","09. 12. 2015 8:00","6.620","0.0","","10000","-1","-1.0","5","0.61616164","-1","","1.1309932","1.1309593","0.83832407","0.038114633","0.10332162","0.10361397","1.6944516","1.6944511","0.12946078","0.028738067","0.032536983","0.028340837","0.034555823","0.03391583","0.027158573","0.029859547","0.029786555","0.026904928","0.027810192","0.06702536","0.06758224","0.047909897","0.04914358","0.9203047","0.9203642","0.11342185","0.041955516","0.036660496","0.74910736","0.07192968","0.07082112","0.6545723","0.654539","0.4323063","0.6366155","0.6366207","0.028558444","0.029784542","0.02891696","0.06457739","0.029041851","0.030181538","0.030946273","0.028668107","0.031067662","0.034903225","0.033390764","0.03641309","0.036232434","0.032588553","0.031736303","0.03141836","0.032340154","0.03255277","0.030414255","0.03488975","0.03052223","0.032539234","0.028080704","0.9924334","0.94333416","0.030532332","0.26313105","0.26311857","0.030005088","0.025787579","0.062004182","0.06211414","0.7012804","0.085564375","0.033330742","0.028881244","0.028088365","0.03326792","0.032993075","0.03195813","0.029933985","0.12641057","0.057926975","0.10493685","1.0029981","1.0029937","0.042858362","0.0465704","0.043930553","0.04472393","1.0818169","1.7000469","1.637598","1.615503","0.026700115","0.24754335","1.8087656","0.26029333","0.26030847","0.029623216","0.025917899","0.031543057","2.8658805","LIGHT_START-1449620342211","TRACKING_PAUSED-1449620342883","TRACKING_RESUMED-1449620403049","LIGHT_END-1449622268587","DEEP_START-1449622268587","REM_START-1449624680542","REM_END-1449625880542","LIGHT_START-1449625880542","DEEP_END-1449625880542","LIGHT_END-1449629010903","DEEP_START-1449629010903","REM_START-1449633349234","REM_END-1449634549234","LIGHT_START-1449634549234","DEEP_END-1449634549234","LIGHT_END-1449635030828","DEEP_START-1449635030828","LIGHT_START-1449636716407","DEEP_END-1449636716407","LIGHT_END-1449636957204","DEEP_START-1449636957204","REM_START-1449638405971","REM_END-1449639605971","LIGHT_START-1449639605971","DEEP_END-1449639605971","ALARM_EARLIEST-1449642600000","ALARM_STARTED-1449642604408","ALARM_SNOOZE-1449642644409","LIGHT_END-1449642736332","DEEP_START-1449642736332","ALARM_STARTED-1449644144487","ALARM_DISMISS-1449644181032","DEEP_END-1449644181179","ALARM_LATEST-1449644400000"
Id,Tz,From,To,Sched,Hours,Rating,Comment,Framerate,Snore,Noise,Cycles,DeepSleep,LenAdjust,Geo,"1:39","1:43","1:48","1:52","1:56","2:00","2:04","2:08","2:13","2:17","2:21","2:25","2:29","2:33","2:38","2:42","2:46","2:50","2:54","2:59","3:03","3:07","3:11","3:15","3:19","3:24","3:28","3:32","3:36","3:40","3:44","3:49","3:53","3:57","4:01","4:05","4:10","4:14","4:18","4:22","4:26","4:30","4:35","4:39","4:43","4:47","4:51","4:56","5:00","5:04","5:08","5:12","5:16","5:21","5:25","5:29","5:33","5:37","5:41","5:46","5:50","5:54","5:58","6:02","6:07","6:11","6:15","6:19","6:23","6:27","6:32","6:36","6:40","6:44","6:48","6:53","6:57","7:01","7:05","7:09","7:13","7:18","7:22","7:26","7:30","7:34","7:38","7:43","7:47","Event","Event","Event","Event","Event","Event","Event","Event","Event","Event","Event","Event","Event","Event","Event","Event","Event","Event","Event","Event","Event","Event","Event","Event","Event","Event","Event","Event"
"1449534928813","Europe/Ljubljana","08. 12. 2015 1:35","08. 12. 2015 7:47","08. 12. 2015 8:00","6.200","0.0","","10000","-1","-1.0","3","0.66292137","-1","","1.7051852","1.117303","1.3499029","1.5696169","1.7779183","0.06916759","0.057314347","0.032836914","0.061376404","0.07818383","0.04478696","0.051148336","0.07162525","0.033980154","0.032571055","0.027239138","0.029277546","0.029112652","0.03229829","0.031085266","0.04002022","0.6163012","1.3788644","0.027284661","0.02827108","0.042278502","0.040795323","0.29519847","0.031530607","0.04419284","0.031516925","0.03499792","0.4540742","0.06429144","0.05222185","0.051005777","0.03386175","0.043929458","0.030558685","0.03071789","0.02838728","0.027420923","0.027687144","0.027975027","0.03224247","0.027377108","0.026848663","0.1707125","0.03383419","0.033477128","0.031694","0.028902492","0.030200204","0.02840878","0.028664652","0.025669688","0.028197253","0.0317741","0.032422896","0.033156987","0.031624895","0.031247202","0.04275724","0.28381282","0.28383422","0.029826548","0.09036043","0.030692216","0.028397443","0.02775964","0.030565148","0.028193023","0.030942423","0.030251745","0.029111346","0.029315462","0.029359743","0.03166842","0.3191991","0.0307392","0.030706886","0.027056549","0.5941971","0.59420073","0.029642731","0.08028105","1.3569733","0.06959867","4.9723625","LIGHT_START-1449534928813","TRACKING_PAUSED-1449534929337","TRACKING_RESUMED-1449534989441","LIGHT_END-1449536182198","DEEP_START-1449536182198","REM_START-1449538993030","REM_END-1449540193030","LIGHT_START-1449540193030","DEEP_END-1449540193030","LIGHT_END-1449543201154","DEEP_START-1449543201154","REM_START-1449549521464","REM_END-1449550721464","LIGHT_START-1449550721464","DEEP_END-1449550721464","LIGHT_END-1449551222818","DEEP_START-1449551222818","REM_START-1449553281619","REM_END-1449554481619","LIGHT_START-1449554481619","DEEP_END-1449554481619","ALARM_EARLIEST-1449556200000","ALARM_STARTED-1449556560579","ALARM_SNOOZE-1449556608886","ALARM_STARTED-1449557208902","ALARM_DISMISS-1449557239005","LIGHT_END-1449557239141","ALARM_LATEST-1449558000000"
Id,Tz,From,To,Sched,Hours,Rating,Comment,Framerate,Snore,Noise,Cycles,DeepSleep,LenAdjust,Geo,"23:57","0:02","0:08","0:14","0:20","0:26","0:32","0:37","0:43","0:49","0:55","1:01","1:06","1:12","1:18","1:24","1:30","1:35","1:41","1:47","1:53","1:59","2:05","2:10","2:16","2:22","2:28","2:34","2:39","2:45","2:51","2:57","3:03","3:09","3:14","3:20","3:26","3:32","3:38","3:43","3:49","3:55","4:01","4:07","4:12","4:18","4:24","4:30","4:36","4:42","4:47","4:53","4:59","5:05","5:11","5:16","5:22","5:28","5:34","5:40","5:45","5:51","5:57","6:03","6:09","6:15","6:20","6:26","6:32","6:38","6:44","6:49","6:55","7:01","7:07","7:13","7:19","7:24","7:30","7:36","7:42","7:48","Event","Event","Event","Event","Event","Event","Event","Event","Event","Event","Event","Event","Event","Event","Event","Event","Event","Event","Event","Event","Event","Event","Event","Event","Event","Event","Event","Event","Event","Event","Event","Event","Event","Event","Event","Event","Event","Event","Event","Event","Event","Event","Event","Event","Event","Event","Event","Event","Event","Event"
"1449442279619","Europe/Ljubljana","06. 12. 2015 23:51","07. 12. 2015 7:48","07. 12. 2015 8:00","7.950","0.0","","10000","-1","-1.0","8","0.70731705","-1","","1.618641","0.49399808","0.49398136","0.030476872","0.15454781","0.15245564","0.21417876","0.16722679","0.04563794","0.032606523","0.04158345","0.03305434","0.031436898","0.7097541","0.79170007","0.7917021","0.124090716","0.14473893","0.14497122","0.04603177","0.67303604","0.8101676","3.153685","0.032769598","0.03266085","0.035092097","0.036336284","0.59712386","0.597132","0.03281631","0.030557685","0.1810685","0.13122933","0.04207705","0.03138621","0.043872852","0.03045845","0.066336446","0.037570436","1.2723637","1.1328893","0.039808616","0.038729746","0.03899312","0.038047995","0.045997545","0.04479021","0.0314307","0.9594679","0.036616538","0.037120044","0.034650844","0.03610391","0.8431281","0.8431289","0.08654841","0.0965829","0.08136433","0.050356552","0.17220281","0.06491598","0.29233977","0.15258399","0.08822334","0.81670946","0.8166651","0.037261095","0.03158578","0.033485875","0.03740474","0.031624895","0.032568872","0.03449619","0.035273902","0.03194351","0.039367013","0.6321488","0.03192571","0.03540169","0.034872703","0.76562965","4.3036556","LIGHT_START-1449442279619","TRACKING_PAUSED-1449442280091","TRACKING_RESUMED-1449442340180","LIGHT_END-1449443326178","DEEP_START-1449443326178","REM_START-1449445614708","REM_END-1449446814708","LIGHT_START-1449446814708","DEEP_END-1449446814708","LIGHT_END-1449447861267","DEEP_START-1449447861267","LIGHT_START-1449449256679","DEEP_END-1449449256679","LIGHT_END-1449450303238","DEEP_START-1449450303238","LIGHT_START-1449451698650","DEEP_END-1449451698650","LIGHT_END-1449452396356","DEEP_START-1449452396356","REM_START-1449454684886","REM_END-1449455884886","LIGHT_START-1449455884886","DEEP_END-1449455884886","LIGHT_END-1449456582592","DEEP_START-1449456582592","REM_START-1449457824563","REM_END-1449459024563","LIGHT_START-1449459024563","DEEP_END-1449459024563","LIGHT_END-1449459373416","DEEP_START-1449459373416","LIGHT_START-1449460768828","DEEP_END-1449460768828","LIGHT_END-1449461466534","DEEP_START-1449461466534","REM_START-1449463406211","REM_END-1449464606211","LIGHT_START-1449464606211","DEEP_END-1449464606211","LIGHT_END-1449465303917","DEEP_START-1449465303917","REM_START-1449467592447","REM_END-1449468792447","LIGHT_START-1449468792447","DEEP_END-1449468792447","ALARM_EARLIEST-1449469800000","ALARM_STARTED-1449470840689","ALARM_DISMISS-1449470885442","LIGHT_END-1449470885581","ALARM_LATEST-1449471600000"
Id,Tz,From,To,Sched,Hours,Rating,Comment,Framerate,Snore,Noise,Cycles,DeepSleep,LenAdjust,Geo,"1:22","1:26","1:30","1:34","1:39","1:43","1:47","1:51","1:55","1:59","2:04","2:08","2:12","2:16","2:20","2:25","2:29","2:33","2:37","2:41","2:46","2:50","2:54","2:58","3:02","3:06","3:11","3:15","3:19","3:23","3:27","3:32","3:36","3:40","3:44","3:48","3:53","3:57","4:01","4:05","4:09","4:13","4:18","4:22","4:26","4:30","4:34","4:39","4:43","4:47","4:51","4:55","5:00","5:04","5:08","5:12","5:16","5:20","5:25","5:29","5:33","5:37","5:41","5:46","5:50","5:54","5:58","6:02","6:07","6:11","6:15","6:19","6:23","6:28","6:32","6:36","6:40","6:44","6:48","6:53","6:57","7:01","7:05","7:09","7:14","7:18","7:22","7:26","7:30","7:35","Event","Event","Event","Event","Event","Event","Event","Event","Event","Event","Event","Event","Event","Event","Event","Event","Event","Event","Event","Event","Event","Event","Event","Event","Event","Event","Event","Event","Event","Event","Event","Event","Event","Event","Event","Event","Event","Event"
"1449188284715","Europe/Ljubljana","04. 12. 2015 1:18","04. 12. 2015 7:35","04. 12. 2015 8:00","6.280","0.0","","10000","-1","-1.0","6","0.7888889","-1","","1.4917644","0.0728961","0.050174598","0.03753039","0.041207496","0.08329704","0.083345994","0.02845507","0.029771874","0.02697124","0.0261197","0.030050114","0.029545426","0.028432598","0.030642416","0.035816185","0.030195493","0.032793142","0.03573385","0.05669683","0.057041712","0.028140333","0.035203744","1.0363811","0.2900652","0.2900692","0.029007576","0.026353335","0.029978145","0.027834909","0.028591286","0.026383413","0.026178591","0.027931906","0.031864986","0.0339547","0.02748388","0.052784245","0.05234432","0.027495947","0.027559144","0.026221974","0.3320942","0.026912216","0.032507304","0.044358112","0.06121144","0.29215404","0.29202142","0.030128941","0.034285616","0.031207709","0.028517226","0.034488905","0.035700858","0.21444108","0.039792582","0.028661918","0.025614506","0.028356595","0.026312664","0.028279087","0.041158557","0.041429836","0.030897409","0.030758228","0.6469147","0.6469138","0.042237572","0.043004464","0.027328325","0.033565227","0.0331464","0.07063465","0.07101247","0.027860546","0.032670867","0.036379304","0.025912412","1.3485035","3.2009273","1.141075","1.1410748","0.030728625","0.029066036","0.029840672","0.029145045","0.028953003","0.026826452","2.1490433","LIGHT_START-1449188284715","TRACKING_PAUSED-1449188285247","TRACKING_RESUMED-1449188345355","LIGHT_END-1449188536007","DEEP_START-1449188536007","REM_START-1449192864431","REM_END-1449194064431","LIGHT_START-1449194064431","DEEP_END-1449194064431","LIGHT_END-1449194818307","DEEP_START-1449194818307","REM_START-1449197638979","REM_END-1449198838979","LIGHT_START-1449198838979","DEEP_END-1449198838979","LIGHT_END-1449200598023","DEEP_START-1449200598023","LIGHT_START-1449202105775","DEEP_END-1449202105775","LIGHT_END-1449202357067","DEEP_START-1449202357067","REM_START-1449203669987","REM_END-1449204869987","LIGHT_START-1449204869987","DEEP_END-1449204869987","LIGHT_END-1449205372571","DEEP_START-1449205372571","REM_START-1449206936783","REM_END-1449208136783","LIGHT_START-1449208136783","DEEP_END-1449208136783","LIGHT_END-1449209141951","DEEP_START-1449209141951","ALARM_EARLIEST-1449210600000","ALARM_STARTED-1449210816930","ALARM_SNOOZE-1449210849302","DEEP_END-1449210900999","ALARM_LATEST-1449212400000"
